,County,Pregnancy Rate**,Year
0,Texas,93.2,2007
1,Region 1,86.5,2007
2,Region 2,79.4,2007
3,Region 3,91.1,2007
4,Region 4,84.0,2007
5,Region 5,83.4,2007
6,Region 6,95.2,2007
7,Region 7,86.2,2007
8,Region 8,94.9,2007
9,Region 9,99.2,2007
10,Region 10,97.9,2007
11,Region 11,107.3,2007
12,Anderson,93.6,2007
13,Andrews,102.3,2007
14,Angelina,92.7,2007
15,Aransas,86.0,2007
16,Archer,55.3,2007
17,Armstrong,66.5,2007
18,Atascosa,92.9,2007
19,Austin,83.9,2007
20,Bailey,119.3,2007
21,Bandera,55.3,2007
22,Bastrop,76.1,2007
23,Baylor,69.2,2007
24,Bee,78.8,2007
25,Bell,111.6,2007
26,Bexar,99.9,2007
27,Blanco,86.3,2007
28,Borden,15.9,2007
29,Bosque,82.1,2007
30,Bowie,75.6,2007
31,Brazoria,90.8,2007
32,Brazos,70.1,2007
33,Brewster,67.0,2007
34,Briscoe,87.8,2007
35,Brooks,112.0,2007
36,Brown,70.0,2007
37,Burleson,78.1,2007
38,Burnet,70.7,2007
39,Caldwell,80.3,2007
40,Calhoun,86.9,2007
41,Callahan,64.4,2007
42,Cameron,109.0,2007
43,Camp,97.2,2007
44,Carson,57.5,2007
45,Cass,67.7,2007
46,Castro,92.3,2007
47,Chambers,77.2,2007
48,Cherokee,92.3,2007
49,Childress,92.8,2007
50,Clay,56.0,2007
51,Cochran,79.0,2007
52,Coke,66.3,2007
53,Coleman,71.1,2007
54,Collin,79.5,2007
55,Collingsworth,105.8,2007
56,Colorado,84.4,2007
57,Comal,75.4,2007
58,Comanche,81.6,2007
59,Concho,74.9,2007
60,Cooke,90.0,2007
61,Coryell,55.2,2007
62,Cottle,89.1,2007
63,Crane,109.2,2007
64,Crockett,103.9,2007
65,Crosby,96.3,2007
66,Culberson,94.0,2007
67,Dallam,107.7,2007
68,Dallas,103.3,2007
69,Dawson,101.8,2007
70,Deaf Smith,107.1,2007
71,Delta,66.4,2007
72,Denton,70.1,2007
73,Dewitt,82.7,2007
74,Dickens,85.7,2007
75,Dimmit,97.5,2007
76,Donley,71.5,2007
77,Duval,94.3,2007
78,Eastland,83.6,2007
79,Ector,110.7,2007
80,Edwards,62.1,2007
81,Ellis,83.1,2007
82,El Paso,98.5,2007
83,Erath,72.3,2007
84,Falls,58.9,2007
85,Fannin,78.6,2007
86,Fayette,74.4,2007
87,Fisher,54.8,2007
88,Floyd,90.6,2007
89,Foard,44.4,2007
90,Fort Bend,80.0,2007
91,Franklin,80.7,2007
92,Freestone,87.5,2007
93,Frio,98.3,2007
94,Gaines,118.8,2007
95,Galveston,85.4,2007
96,Garza,111.0,2007
97,Gillespie,83.4,2007
98,Glasscock,43.5,2007
99,Goliad,79.8,2007
100,Gonzales,96.7,2007
101,Gray,102.6,2007
102,Grayson,77.8,2007
103,Gregg,91.5,2007
104,Grimes,92.8,2007
105,Guadalupe,74.7,2007
106,Hale,97.7,2007
107,Hall,82.1,2007
108,Hamilton,71.3,2007
109,Hansford,89.4,2007
110,Hardeman,78.9,2007
111,Hardin,79.4,2007
112,Harris,100.9,2007
113,Harrison,71.4,2007
114,Hartley,91.0,2007
115,Haskell,80.5,2007
116,Hays,72.1,2007
117,Hemphill,145.9,2007
118,Henderson,82.6,2007
119,Hidalgo,114.7,2007
120,Hill,92.0,2007
121,Hockley,90.9,2007
122,Hood,79.5,2007
123,Hopkins,84.7,2007
124,Houston,77.8,2007
125,Howard,104.6,2007
126,Hudspeth,67.1,2007
127,Hunt,76.5,2007
128,Hutchinson,89.2,2007
129,Irion,58.8,2007
130,Jack,68.6,2007
131,Jackson,88.5,2007
132,Jasper,82.5,2007
133,Jeff Davis,31.5,2007
134,Jefferson,87.7,2007
135,Jim Hogg,103.7,2007
136,Jim Wells,102.9,2007
137,Johnson,74.3,2007
138,Jones,74.6,2007
139,Karnes,75.5,2007
140,Kaufman,84.9,2007
141,Kendall,70.6,2007
142,Kenedy,106.1,2007
143,Kent,33.6,2007
144,Kerr,91.2,2007
145,Kimble,69.3,2007
146,King,76.9,2007
147,Kinney,69.4,2007
148,Kleberg,97.1,2007
149,Knox,70.2,2007
150,Lamar,79.0,2007
151,Lamb,89.4,2007
152,Lampasas,70.6,2007
153,La Salle,96.7,2007
154,Lavaca,86.6,2007
155,Lee,72.7,2007
156,Leon,92.0,2007
157,Liberty,70.4,2007
158,Limestone,101.8,2007
159,Lipscomb,108.8,2007
160,Live Oak,70.7,2007
161,Llano,82.9,2007
162,Loving,,2007
163,Lubbock,81.7,2007
164,Lynn,93.6,2007
165,Mcculloch,95.8,2007
166,Mclennan,81.9,2007
167,Mcmullen,66.7,2007
168,Madison,86.0,2007
169,Marion,80.9,2007
170,Martin,71.1,2007
171,Mason,77.2,2007
172,Matagorda,79.8,2007
173,Maverick,97.8,2007
174,Medina,72.2,2007
175,Menard,90.4,2007
176,Midland,99.3,2007
177,Milam,88.5,2007
178,Mills,66.0,2007
179,Mitchell,80.2,2007
180,Montague,82.9,2007
181,Montgomery,82.5,2007
182,Moore,100.8,2007
183,Morris,84.8,2007
184,Motley,102.4,2007
185,Nacogdoches,75.4,2007
186,Navarro,87.6,2007
187,Newton,64.4,2007
188,Nolan,102.6,2007
189,Nueces,90.6,2007
190,Ochiltree,112.7,2007
191,Oldham,56.7,2007
192,Orange,80.8,2007
193,Palo Pinto,94.6,2007
194,Panola,76.0,2007
195,Parker,76.0,2007
196,Parmer,88.9,2007
197,Pecos,87.9,2007
198,Polk,82.9,2007
199,Potter,92.7,2007
200,Presidio,101.1,2007
201,Rains,80.6,2007
202,Randall,68.9,2007
203,Reagan,101.1,2007
204,Real,71.2,2007
205,Red River,73.8,2007
206,Reeves,107.6,2007
207,Refugio,96.7,2007
208,Roberts,137.9,2007
209,Robertson,86.1,2007
210,Rockwall,73.8,2007
211,Runnels,77.3,2007
212,Rusk,87.9,2007
213,Sabine,70.9,2007
214,San Augustine,68.9,2007
215,San Jacinto,75.7,2007
216,San Patricio,90.3,2007
217,San Saba,78.9,2007
218,Schleicher,96.6,2007
219,Scurry,94.6,2007
220,Shackelford,69.7,2007
221,Shelby,86.2,2007
222,Sherman,95.1,2007
223,Smith,87.7,2007
224,Somervell,67.4,2007
225,Starr,103.2,2007
226,Stephens,89.5,2007
227,Sterling,72.3,2007
228,Stonewall,42.6,2007
229,Sutton,94.2,2007
230,Swisher,88.4,2007
231,Tarrant,94.2,2007
232,Taylor,81.5,2007
233,Terrell,144.7,2007
234,Terry,96.0,2007
235,Throckmorton,53.8,2007
236,Titus,118.9,2007
237,Tom Green,86.0,2007
238,Travis,90.4,2007
239,Trinity,75.1,2007
240,Tyler,82.7,2007
241,Upshur,72.3,2007
242,Upton,89.2,2007
243,Uvalde,92.8,2007
244,Val Verde,103.3,2007
245,Van Zandt,77.0,2007
246,Victoria,90.5,2007
247,Walker,59.2,2007
248,Waller,75.5,2007
249,Ward,99.4,2007
250,Washington,79.2,2007
251,Webb,116.8,2007
252,Wharton,80.4,2007
253,Wheeler,104.2,2007
254,Wichita,81.5,2007
255,Wilbarger,85.6,2007
256,Willacy,104.0,2007
257,Williamson,87.0,2007
258,Wilson,73.8,2007
259,Winkler,116.4,2007
260,Wise,76.5,2007
261,Wood,75.6,2007
262,Yoakum,106.7,2007
263,Young,83.6,2007
264,Zapata,122.3,2007
265,Zavala,104.4,2007
0,Texas,91.7,2008
1,Region 1,85.7,2008
2,Region 2,81.9,2008
3,Region 3,88.7,2008
4,Region 4,82.6,2008
5,Region 5,83.3,2008
6,Region 6,94.2,2008
7,Region 7,84.2,2008
8,Region 8,93.4,2008
9,Region 9,98.2,2008
10,Region 10,96.5,2008
11,Region 11,105.4,2008
12,Anderson,95.9,2008
13,Andrews,93.8,2008
14,Angelina,86.0,2008
15,Aransas,80.2,2008
16,Archer,52.5,2008
17,Armstrong,76.1,2008
18,Atascosa,81.9,2008
19,Austin,91.5,2008
20,Bailey,101.7,2008
21,Bandera,64.8,2008
22,Bastrop,76.0,2008
23,Baylor,66.2,2008
24,Bee,89.3,2008
25,Bell,113.7,2008
26,Bexar,97.3,2008
27,Blanco,77.3,2008
28,Borden,55.6,2008
29,Bosque,72.4,2008
30,Bowie,71.1,2008
31,Brazoria,94.2,2008
32,Brazos,68.0,2008
33,Brewster,76.3,2008
34,Briscoe,169.1,2008
35,Brooks,116.1,2008
36,Brown,78.1,2008
37,Burleson,64.2,2008
38,Burnet,81.3,2008
39,Caldwell,73.4,2008
40,Calhoun,90.7,2008
41,Callahan,66.4,2008
42,Cameron,105.4,2008
43,Camp,83.1,2008
44,Carson,66.5,2008
45,Cass,72.1,2008
46,Castro,109.5,2008
47,Chambers,86.9,2008
48,Cherokee,88.3,2008
49,Childress,88.6,2008
50,Clay,60.3,2008
51,Cochran,98.6,2008
52,Coke,63.4,2008
53,Coleman,82.7,2008
54,Collin,76.9,2008
55,Collingsworth,93.5,2008
56,Colorado,78.2,2008
57,Comal,75.3,2008
58,Comanche,96.8,2008
59,Concho,69.0,2008
60,Cooke,81.0,2008
61,Coryell,58.5,2008
62,Cottle,75.2,2008
63,Crane,81.5,2008
64,Crockett,113.3,2008
65,Crosby,88.2,2008
66,Culberson,85.8,2008
67,Dallam,98.8,2008
68,Dallas,101.0,2008
69,Dawson,113.2,2008
70,Deaf Smith,101.4,2008
71,Delta,70.6,2008
72,Denton,68.4,2008
73,Dewitt,83.6,2008
74,Dickens,72.0,2008
75,Dimmit,99.6,2008
76,Donley,70.1,2008
77,Duval,99.6,2008
78,Eastland,73.1,2008
79,Ector,110.0,2008
80,Edwards,84.1,2008
81,Ellis,77.1,2008
82,El Paso,97.1,2008
83,Erath,74.1,2008
84,Falls,57.3,2008
85,Fannin,78.5,2008
86,Fayette,78.2,2008
87,Fisher,65.0,2008
88,Floyd,71.3,2008
89,Foard,52.0,2008
90,Fort Bend,81.4,2008
91,Franklin,97.6,2008
92,Freestone,90.8,2008
93,Frio,105.2,2008
94,Gaines,108.4,2008
95,Galveston,83.6,2008
96,Garza,104.9,2008
97,Gillespie,96.2,2008
98,Glasscock,82.6,2008
99,Goliad,72.7,2008
100,Gonzales,105.9,2008
101,Gray,102.2,2008
102,Grayson,80.4,2008
103,Gregg,90.4,2008
104,Grimes,82.8,2008
105,Guadalupe,76.2,2008
106,Hale,99.9,2008
107,Hall,68.0,2008
108,Hamilton,91.7,2008
109,Hansford,109.2,2008
110,Hardeman,84.2,2008
111,Hardin,82.9,2008
112,Harris,99.1,2008
113,Harrison,71.2,2008
114,Hartley,80.9,2008
115,Haskell,87.9,2008
116,Hays,69.1,2008
117,Hemphill,118.0,2008
118,Henderson,85.9,2008
119,Hidalgo,114.4,2008
120,Hill,80.2,2008
121,Hockley,93.1,2008
122,Hood,76.0,2008
123,Hopkins,85.2,2008
124,Houston,78.6,2008
125,Howard,93.7,2008
126,Hudspeth,69.1,2008
127,Hunt,72.4,2008
128,Hutchinson,80.8,2008
129,Irion,37.3,2008
130,Jack,82.4,2008
131,Jackson,83.4,2008
132,Jasper,87.8,2008
133,Jeff Davis,53.5,2008
134,Jefferson,88.8,2008
135,Jim Hogg,110.7,2008
136,Jim Wells,98.6,2008
137,Johnson,78.1,2008
138,Jones,71.1,2008
139,Karnes,73.1,2008
140,Kaufman,81.6,2008
141,Kendall,70.7,2008
142,Kenedy,96.8,2008
143,Kent,50.0,2008
144,Kerr,95.1,2008
145,Kimble,70.5,2008
146,King,,2008
147,Kinney,74.7,2008
148,Kleberg,94.7,2008
149,Knox,91.7,2008
150,Lamar,75.9,2008
151,Lamb,96.7,2008
152,Lampasas,71.3,2008
153,La Salle,114.9,2008
154,Lavaca,80.5,2008
155,Lee,73.1,2008
156,Leon,86.1,2008
157,Liberty,69.9,2008
158,Limestone,104.3,2008
159,Lipscomb,91.3,2008
160,Live Oak,74.7,2008
161,Llano,71.0,2008
162,Loving,,2008
163,Lubbock,81.7,2008
164,Lynn,90.5,2008
165,Mcculloch,92.8,2008
166,Mclennan,80.3,2008
167,Mcmullen,65.8,2008
168,Madison,88.0,2008
169,Marion,79.8,2008
170,Martin,101.1,2008
171,Mason,66.4,2008
172,Matagorda,81.7,2008
173,Maverick,96.2,2008
174,Medina,80.9,2008
175,Menard,93.6,2008
176,Midland,98.7,2008
177,Milam,94.5,2008
178,Mills,71.2,2008
179,Mitchell,94.9,2008
180,Montague,85.6,2008
181,Montgomery,81.3,2008
182,Moore,105.1,2008
183,Morris,83.7,2008
184,Motley,36.8,2008
185,Nacogdoches,76.2,2008
186,Navarro,85.4,2008
187,Newton,60.0,2008
188,Nolan,89.7,2008
189,Nueces,89.3,2008
190,Ochiltree,113.2,2008
191,Oldham,56.8,2008
192,Orange,80.0,2008
193,Palo Pinto,87.8,2008
194,Panola,76.3,2008
195,Parker,73.1,2008
196,Parmer,75.5,2008
197,Pecos,88.3,2008
198,Polk,78.2,2008
199,Potter,91.9,2008
200,Presidio,84.0,2008
201,Rains,76.4,2008
202,Randall,68.5,2008
203,Reagan,99.0,2008
204,Real,78.3,2008
205,Red River,71.7,2008
206,Reeves,114.3,2008
207,Refugio,74.3,2008
208,Roberts,67.7,2008
209,Robertson,92.1,2008
210,Rockwall,75.3,2008
211,Runnels,70.6,2008
212,Rusk,81.7,2008
213,Sabine,78.7,2008
214,San Augustine,73.5,2008
215,San Jacinto,72.9,2008
216,San Patricio,87.7,2008
217,San Saba,75.7,2008
218,Schleicher,109.2,2008
219,Scurry,109.8,2008
220,Shackelford,69.2,2008
221,Shelby,89.7,2008
222,Sherman,86.4,2008
223,Smith,85.3,2008
224,Somervell,80.1,2008
225,Starr,100.9,2008
226,Stephens,98.8,2008
227,Sterling,49.8,2008
228,Stonewall,99.6,2008
229,Sutton,108.2,2008
230,Swisher,89.1,2008
231,Tarrant,91.4,2008
232,Taylor,83.8,2008
233,Terrell,118.0,2008
234,Terry,103.0,2008
235,Throckmorton,86.6,2008
236,Titus,109.1,2008
237,Tom Green,84.6,2008
238,Travis,86.7,2008
239,Trinity,76.4,2008
240,Tyler,77.3,2008
241,Upshur,75.0,2008
242,Upton,98.2,2008
243,Uvalde,94.2,2008
244,Val Verde,103.1,2008
245,Van Zandt,75.5,2008
246,Victoria,87.4,2008
247,Walker,61.2,2008
248,Waller,75.9,2008
249,Ward,108.1,2008
250,Washington,84.7,2008
251,Webb,112.2,2008
252,Wharton,84.2,2008
253,Wheeler,82.3,2008
254,Wichita,80.6,2008
255,Wilbarger,88.0,2008
256,Willacy,91.6,2008
257,Williamson,84.5,2008
258,Wilson,74.5,2008
259,Winkler,109.3,2008
260,Wise,77.6,2008
261,Wood,75.7,2008
262,Yoakum,108.3,2008
263,Young,91.0,2008
264,Zapata,120.1,2008
265,Zavala,105.3,2008
0,Texas,89.1,2009
1,Region 1,85.2,2009
2,Region 2,78.8,2009
3,Region 3,85.1,2009
4,Region 4,81.1,2009
5,Region 5,83.6,2009
6,Region 6,92.7,2009
7,Region 7,81.4,2009
8,Region 8,90.4,2009
9,Region 9,97.2,2009
10,Region 10,95.7,2009
11,Region 11,102.5,2009
12,Anderson,86.5,2009
13,Andrews,101.7,2009
14,Angelina,89.0,2009
15,Aransas,89.2,2009
16,Archer,65.5,2009
17,Armstrong,64.7,2009
18,Atascosa,84.1,2009
19,Austin,88.8,2009
20,Bailey,140.1,2009
21,Bandera,60.7,2009
22,Bastrop,71.3,2009
23,Baylor,73.8,2009
24,Bee,77.1,2009
25,Bell,109.2,2009
26,Bexar,93.8,2009
27,Blanco,70.7,2009
28,Borden,89.4,2009
29,Bosque,69.2,2009
30,Bowie,69.7,2009
31,Brazoria,93.4,2009
32,Brazos,66.4,2009
33,Brewster,73.8,2009
34,Briscoe,166.1,2009
35,Brooks,121.8,2009
36,Brown,74.7,2009
37,Burleson,69.9,2009
38,Burnet,73.9,2009
39,Caldwell,71.4,2009
40,Calhoun,81.6,2009
41,Callahan,64.6,2009
42,Cameron,102.5,2009
43,Camp,75.0,2009
44,Carson,49.1,2009
45,Cass,66.7,2009
46,Castro,116.6,2009
47,Chambers,87.7,2009
48,Cherokee,93.6,2009
49,Childress,83.6,2009
50,Clay,67.2,2009
51,Cochran,85.6,2009
52,Coke,79.1,2009
53,Coleman,71.5,2009
54,Collin,71.7,2009
55,Collingsworth,98.9,2009
56,Colorado,84.7,2009
57,Comal,72.4,2009
58,Comanche,80.0,2009
59,Concho,91.6,2009
60,Cooke,79.9,2009
61,Coryell,55.3,2009
62,Cottle,69.9,2009
63,Crane,114.1,2009
64,Crockett,107.4,2009
65,Crosby,104.6,2009
66,Culberson,69.9,2009
67,Dallam,110.5,2009
68,Dallas,97.1,2009
69,Dawson,102.4,2009
70,Deaf Smith,113.2,2009
71,Delta,68.2,2009
72,Denton,64.8,2009
73,Dewitt,86.0,2009
74,Dickens,90.9,2009
75,Dimmit,86.6,2009
76,Donley,59.1,2009
77,Duval,96.7,2009
78,Eastland,85.0,2009
79,Ector,110.7,2009
80,Edwards,75.8,2009
81,Ellis,77.3,2009
82,El Paso,96.3,2009
83,Erath,71.1,2009
84,Falls,62.8,2009
85,Fannin,77.3,2009
86,Fayette,77.3,2009
87,Fisher,65.8,2009
88,Floyd,80.6,2009
89,Foard,48.2,2009
90,Fort Bend,79.4,2009
91,Franklin,77.0,2009
92,Freestone,80.3,2009
93,Frio,101.3,2009
94,Gaines,124.7,2009
95,Galveston,83.8,2009
96,Garza,108.3,2009
97,Gillespie,88.3,2009
98,Glasscock,50.6,2009
99,Goliad,63.7,2009
100,Gonzales,97.5,2009
101,Gray,90.7,2009
102,Grayson,78.0,2009
103,Gregg,88.3,2009
104,Grimes,76.5,2009
105,Guadalupe,77.0,2009
106,Hale,100.5,2009
107,Hall,83.9,2009
108,Hamilton,75.6,2009
109,Hansford,85.7,2009
110,Hardeman,99.1,2009
111,Hardin,81.4,2009
112,Harris,97.4,2009
113,Harrison,72.9,2009
114,Hartley,81.5,2009
115,Haskell,75.9,2009
116,Hays,67.2,2009
117,Hemphill,108.9,2009
118,Henderson,76.0,2009
119,Hidalgo,109.9,2009
120,Hill,82.7,2009
121,Hockley,82.0,2009
122,Hood,74.5,2009
123,Hopkins,83.8,2009
124,Houston,74.5,2009
125,Howard,99.2,2009
126,Hudspeth,75.5,2009
127,Hunt,69.7,2009
128,Hutchinson,90.7,2009
129,Irion,51.4,2009
130,Jack,76.4,2009
131,Jackson,81.3,2009
132,Jasper,88.2,2009
133,Jeff Davis,40.4,2009
134,Jefferson,89.2,2009
135,Jim Hogg,96.7,2009
136,Jim Wells,99.7,2009
137,Johnson,76.9,2009
138,Jones,70.4,2009
139,Karnes,80.9,2009
140,Kaufman,81.4,2009
141,Kendall,73.2,2009
142,Kenedy,125.0,2009
143,Kent,59.8,2009
144,Kerr,94.0,2009
145,Kimble,87.3,2009
146,King,49.4,2009
147,Kinney,97.9,2009
148,Kleberg,99.2,2009
149,Knox,89.9,2009
150,Lamar,73.2,2009
151,Lamb,96.8,2009
152,Lampasas,61.3,2009
153,La Salle,111.0,2009
154,Lavaca,80.3,2009
155,Lee,72.4,2009
156,Leon,97.2,2009
157,Liberty,73.8,2009
158,Limestone,111.8,2009
159,Lipscomb,91.8,2009
160,Live Oak,63.4,2009
161,Llano,76.5,2009
162,Loving,,2009
163,Lubbock,78.5,2009
164,Lynn,69.3,2009
165,Mcculloch,102.8,2009
166,Mclennan,76.5,2009
167,Mcmullen,39.0,2009
168,Madison,91.0,2009
169,Marion,63.1,2009
170,Martin,94.6,2009
171,Mason,56.8,2009
172,Matagorda,77.2,2009
173,Maverick,95.8,2009
174,Medina,74.9,2009
175,Menard,70.2,2009
176,Midland,95.3,2009
177,Milam,86.4,2009
178,Mills,56.0,2009
179,Mitchell,99.0,2009
180,Montague,82.7,2009
181,Montgomery,77.7,2009
182,Moore,101.3,2009
183,Morris,82.2,2009
184,Motley,82.5,2009
185,Nacogdoches,71.6,2009
186,Navarro,83.4,2009
187,Newton,64.8,2009
188,Nolan,87.9,2009
189,Nueces,86.2,2009
190,Ochiltree,112.6,2009
191,Oldham,50.9,2009
192,Orange,77.2,2009
193,Palo Pinto,87.1,2009
194,Panola,73.6,2009
195,Parker,71.9,2009
196,Parmer,65.4,2009
197,Pecos,92.3,2009
198,Polk,84.3,2009
199,Potter,95.7,2009
200,Presidio,89.3,2009
201,Rains,72.7,2009
202,Randall,68.5,2009
203,Reagan,96.8,2009
204,Real,91.8,2009
205,Red River,62.1,2009
206,Reeves,98.7,2009
207,Refugio,82.6,2009
208,Roberts,93.8,2009
209,Robertson,82.2,2009
210,Rockwall,69.8,2009
211,Runnels,71.0,2009
212,Rusk,91.1,2009
213,Sabine,72.3,2009
214,San Augustine,76.9,2009
215,San Jacinto,77.1,2009
216,San Patricio,84.7,2009
217,San Saba,76.8,2009
218,Schleicher,88.4,2009
219,Scurry,98.2,2009
220,Shackelford,70.2,2009
221,Shelby,94.0,2009
222,Sherman,81.1,2009
223,Smith,85.3,2009
224,Somervell,64.7,2009
225,Starr,108.9,2009
226,Stephens,83.1,2009
227,Sterling,61.7,2009
228,Stonewall,43.5,2009
229,Sutton,93.0,2009
230,Swisher,96.5,2009
231,Tarrant,87.8,2009
232,Taylor,83.5,2009
233,Terrell,125.0,2009
234,Terry,106.0,2009
235,Throckmorton,45.3,2009
236,Titus,109.6,2009
237,Tom Green,80.7,2009
238,Travis,84.6,2009
239,Trinity,74.7,2009
240,Tyler,87.1,2009
241,Upshur,75.0,2009
242,Upton,110.7,2009
243,Uvalde,93.9,2009
244,Val Verde,99.1,2009
245,Van Zandt,79.5,2009
246,Victoria,83.8,2009
247,Walker,69.8,2009
248,Waller,76.7,2009
249,Ward,86.4,2009
250,Washington,75.1,2009
251,Webb,108.7,2009
252,Wharton,83.1,2009
253,Wheeler,79.5,2009
254,Wichita,74.8,2009
255,Wilbarger,75.1,2009
256,Willacy,96.5,2009
257,Williamson,80.7,2009
258,Wilson,68.2,2009
259,Winkler,110.4,2009
260,Wise,72.8,2009
261,Wood,74.4,2009
262,Yoakum,110.4,2009
263,Young,88.4,2009
264,Zapata,119.4,2009
265,Zavala,108.9,2009
0,Texas,86.5,2010
1,Region 1,80.4,2010
2,Region 2,77.4,2010
3,Region 3,83.8,2010
4,Region 4,78.0,2010
5,Region 5,80.3,2010
6,Region 6,90.6,2010
7,Region 7,78.8,2010
8,Region 8,86.4,2010
9,Region 9,86.4,2010
10,Region 10,92.3,2010
11,Region 11,100.5,2010
12,Anderson,77.6,2010
13,Andrews,89.7,2010
14,Angelina,79.1,2010
15,Aransas,97.0,2010
16,Archer,55.4,2010
17,Armstrong,95.9,2010
18,Atascosa,84.6,2010
19,Austin,87.7,2010
20,Bailey,87.2,2010
21,Bandera,71.3,2010
22,Bastrop,73.4,2010
23,Baylor,76.7,2010
24,Bee,83.1,2010
25,Bell,107.4,2010
26,Bexar,88.3,2010
27,Blanco,72.0,2010
28,Borden,79.5,2010
29,Bosque,77.8,2010
30,Bowie,71.8,2010
31,Brazoria,88.1,2010
32,Brazos,59.3,2010
33,Brewster,89.7,2010
34,Briscoe,238.5,2010
35,Brooks,124.0,2010
36,Brown,64.4,2010
37,Burleson,76.5,2010
38,Burnet,76.8,2010
39,Caldwell,74.1,2010
40,Calhoun,83.4,2010
41,Callahan,58.5,2010
42,Cameron,101.3,2010
43,Camp,97.5,2010
44,Carson,62.6,2010
45,Cass,74.1,2010
46,Castro,95.1,2010
47,Chambers,89.6,2010
48,Cherokee,89.2,2010
49,Childress,92.7,2010
50,Clay,56.6,2010
51,Cochran,91.9,2010
52,Coke,72.1,2010
53,Coleman,82.1,2010
54,Collin,71.3,2010
55,Collingsworth,116.9,2010
56,Colorado,90.5,2010
57,Comal,77.4,2010
58,Comanche,87.8,2010
59,Concho,78.0,2010
60,Cooke,84.4,2010
61,Coryell,63.8,2010
62,Cottle,116.6,2010
63,Crane,80.1,2010
64,Crockett,116.7,2010
65,Crosby,95.1,2010
66,Culberson,73.3,2010
67,Dallam,103.7,2010
68,Dallas,95.0,2010
69,Dawson,94.6,2010
70,Deaf Smith,92.7,2010
71,Delta,99.3,2010
72,Denton,67.1,2010
73,Dewitt,82.5,2010
74,Dickens,90.9,2010
75,Dimmit,85.1,2010
76,Donley,63.0,2010
77,Duval,98.3,2010
78,Eastland,76.0,2010
79,Ector,92.7,2010
80,Edwards,101.0,2010
81,Ellis,76.6,2010
82,El Paso,92.3,2010
83,Erath,56.8,2010
84,Falls,58.0,2010
85,Fannin,69.5,2010
86,Fayette,71.5,2010
87,Fisher,78.2,2010
88,Floyd,89.4,2010
89,Foard,61.9,2010
90,Fort Bend,74.5,2010
91,Franklin,66.5,2010
92,Freestone,75.0,2010
93,Frio,104.1,2010
94,Gaines,100.9,2010
95,Galveston,81.9,2010
96,Garza,91.4,2010
97,Gillespie,85.8,2010
98,Glasscock,61.0,2010
99,Goliad,69.1,2010
100,Gonzales,92.2,2010
101,Gray,87.1,2010
102,Grayson,77.2,2010
103,Gregg,84.6,2010
104,Grimes,86.3,2010
105,Guadalupe,70.3,2010
106,Hale,95.7,2010
107,Hall,71.9,2010
108,Hamilton,77.1,2010
109,Hansford,83.9,2010
110,Hardeman,79.5,2010
111,Hardin,74.7,2010
112,Harris,95.7,2010
113,Harrison,71.5,2010
114,Hartley,65.9,2010
115,Haskell,59.0,2010
116,Hays,67.6,2010
117,Hemphill,105.2,2010
118,Henderson,76.4,2010
119,Hidalgo,106.1,2010
120,Hill,78.9,2010
121,Hockley,82.6,2010
122,Hood,81.8,2010
123,Hopkins,85.6,2010
124,Houston,72.1,2010
125,Howard,83.9,2010
126,Hudspeth,82.9,2010
127,Hunt,72.6,2010
128,Hutchinson,70.6,2010
129,Irion,78.7,2010
130,Jack,80.9,2010
131,Jackson,85.4,2010
132,Jasper,90.4,2010
133,Jeff Davis,75.3,2010
134,Jefferson,89.4,2010
135,Jim Hogg,109.6,2010
136,Jim Wells,97.9,2010
137,Johnson,76.4,2010
138,Jones,72.4,2010
139,Karnes,84.8,2010
140,Kaufman,77.9,2010
141,Kendall,72.0,2010
142,Kenedy,68.5,2010
143,Kent,74.8,2010
144,Kerr,80.5,2010
145,Kimble,65.1,2010
146,King,81.6,2010
147,Kinney,74.2,2010
148,Kleberg,82.3,2010
149,Knox,85.4,2010
150,Lamar,76.9,2010
151,Lamb,94.3,2010
152,Lampasas,72.0,2010
153,La Salle,99.8,2010
154,Lavaca,79.2,2010
155,Lee,81.2,2010
156,Leon,88.4,2010
157,Liberty,75.5,2010
158,Limestone,93.4,2010
159,Lipscomb,113.1,2010
160,Live Oak,82.3,2010
161,Llano,81.7,2010
162,Loving,,2010
163,Lubbock,73.0,2010
164,Lynn,80.2,2010
165,Mcculloch,94.4,2010
166,Mclennan,79.0,2010
167,Mcmullen,87.4,2010
168,Madison,81.6,2010
169,Marion,61.9,2010
170,Martin,92.5,2010
171,Mason,70.2,2010
172,Matagorda,95.8,2010
173,Maverick,96.2,2010
174,Medina,77.6,2010
175,Menard,60.8,2010
176,Midland,89.1,2010
177,Milam,79.3,2010
178,Mills,75.2,2010
179,Mitchell,86.2,2010
180,Montague,85.5,2010
181,Montgomery,78.2,2010
182,Moore,98.6,2010
183,Morris,72.3,2010
184,Motley,83.3,2010
185,Nacogdoches,65.4,2010
186,Navarro,84.2,2010
187,Newton,65.5,2010
188,Nolan,82.7,2010
189,Nueces,86.0,2010
190,Ochiltree,85.0,2010
191,Oldham,54.3,2010
192,Orange,76.1,2010
193,Palo Pinto,80.6,2010
194,Panola,60.1,2010
195,Parker,70.8,2010
196,Parmer,73.6,2010
197,Pecos,90.0,2010
198,Polk,81.0,2010
199,Potter,92.8,2010
200,Presidio,101.5,2010
201,Rains,66.3,2010
202,Randall,67.6,2010
203,Reagan,90.9,2010
204,Real,102.0,2010
205,Red River,70.6,2010
206,Reeves,86.5,2010
207,Refugio,77.5,2010
208,Roberts,88.1,2010
209,Robertson,75.0,2010
210,Rockwall,68.4,2010
211,Runnels,87.1,2010
212,Rusk,78.8,2010
213,Sabine,68.1,2010
214,San Augustine,76.9,2010
215,San Jacinto,72.1,2010
216,San Patricio,84.7,2010
217,San Saba,79.1,2010
218,Schleicher,65.0,2010
219,Scurry,103.2,2010
220,Shackelford,51.5,2010
221,Shelby,78.6,2010
222,Sherman,69.0,2010
223,Smith,79.7,2010
224,Somervell,75.8,2010
225,Starr,115.3,2010
226,Stephens,79.1,2010
227,Sterling,78.9,2010
228,Stonewall,56.6,2010
229,Sutton,63.3,2010
230,Swisher,96.5,2010
231,Tarrant,85.2,2010
232,Taylor,78.9,2010
233,Terrell,103.9,2010
234,Terry,89.9,2010
235,Throckmorton,75.0,2010
236,Titus,85.2,2010
237,Tom Green,75.8,2010
238,Travis,79.3,2010
239,Trinity,81.5,2010
240,Tyler,82.3,2010
241,Upshur,76.3,2010
242,Upton,65.0,2010
243,Uvalde,92.7,2010
244,Val Verde,99.8,2010
245,Van Zandt,70.7,2010
246,Victoria,86.1,2010
247,Walker,60.5,2010
248,Waller,71.4,2010
249,Ward,74.8,2010
250,Washington,81.8,2010
251,Webb,103.7,2010
252,Wharton,86.1,2010
253,Wheeler,99.9,2010
254,Wichita,77.3,2010
255,Wilbarger,80.9,2010
256,Willacy,99.5,2010
257,Williamson,76.3,2010
258,Wilson,64.9,2010
259,Winkler,81.8,2010
260,Wise,80.5,2010
261,Wood,75.9,2010
262,Yoakum,93.0,2010
263,Young,80.8,2010
264,Zapata,122.1,2010
265,Zavala,98.9,2010
0,Texas,82.9,2011
1,Region 1,78.0,2011
2,Region 2,75.7,2011
3,Region 3,80.5,2011
4,Region 4,75.1,2011
5,Region 5,77.6,2011
6,Region 6,85.9,2011
7,Region 7,76.5,2011
8,Region 8,82.1,2011
9,Region 9,85.4,2011
10,Region 10,90.9,2011
11,Region 11,95.2,2011
12,Anderson,78.5,2011
13,Andrews,93.5,2011
14,Angelina,79.9,2011
15,Aransas,75.0,2011
16,Archer,48.8,2011
17,Armstrong,44.4,2011
18,Atascosa,82.0,2011
19,Austin,77.9,2011
20,Bailey,100.9,2011
21,Bandera,61.5,2011
22,Bastrop,72.1,2011
23,Baylor,67.3,2011
24,Bee,83.5,2011
25,Bell,101.1,2011
26,Bexar,83.8,2011
27,Blanco,77.4,2011
28,Borden,41.7,2011
29,Bosque,69.1,2011
30,Bowie,73.0,2011
31,Brazoria,78.1,2011
32,Brazos,55.1,2011
33,Brewster,73.9,2011
34,Briscoe,189.5,2011
35,Brooks,137.4,2011
36,Brown,66.2,2011
37,Burleson,70.9,2011
38,Burnet,72.1,2011
39,Caldwell,71.9,2011
40,Calhoun,78.0,2011
41,Callahan,57.7,2011
42,Cameron,95.1,2011
43,Camp,70.8,2011
44,Carson,68.2,2011
45,Cass,63.0,2011
46,Castro,95.6,2011
47,Chambers,75.5,2011
48,Cherokee,84.5,2011
49,Childress,93.1,2011
50,Clay,44.0,2011
51,Cochran,101.2,2011
52,Coke,63.1,2011
53,Coleman,77.4,2011
54,Collin,68.2,2011
55,Collingsworth,110.7,2011
56,Colorado,79.7,2011
57,Comal,76.0,2011
58,Comanche,84.1,2011
59,Concho,98.7,2011
60,Cooke,80.0,2011
61,Coryell,62.2,2011
62,Cottle,115.6,2011
63,Crane,78.5,2011
64,Crockett,109.6,2011
65,Crosby,90.5,2011
66,Culberson,78.0,2011
67,Dallam,104.1,2011
68,Dallas,92.0,2011
69,Dawson,89.9,2011
70,Deaf Smith,97.9,2011
71,Delta,76.5,2011
72,Denton,66.6,2011
73,Dewitt,77.9,2011
74,Dickens,98.2,2011
75,Dimmit,95.5,2011
76,Donley,57.8,2011
77,Duval,95.8,2011
78,Eastland,72.5,2011
79,Ector,91.5,2011
80,Edwards,103.3,2011
81,Ellis,69.9,2011
82,El Paso,91.2,2011
83,Erath,62.3,2011
84,Falls,61.9,2011
85,Fannin,69.4,2011
86,Fayette,71.1,2011
87,Fisher,68.5,2011
88,Floyd,76.9,2011
89,Foard,64.8,2011
90,Fort Bend,71.3,2011
91,Franklin,71.7,2011
92,Freestone,80.3,2011
93,Frio,102.5,2011
94,Gaines,104.9,2011
95,Galveston,79.6,2011
96,Garza,74.4,2011
97,Gillespie,74.4,2011
98,Glasscock,77.6,2011
99,Goliad,56.6,2011
100,Gonzales,87.9,2011
101,Gray,87.7,2011
102,Grayson,72.5,2011
103,Gregg,81.7,2011
104,Grimes,77.1,2011
105,Guadalupe,66.2,2011
106,Hale,84.2,2011
107,Hall,78.8,2011
108,Hamilton,82.7,2011
109,Hansford,74.3,2011
110,Hardeman,73.9,2011
111,Hardin,70.6,2011
112,Harris,91.1,2011
113,Harrison,71.6,2011
114,Hartley,65.6,2011
115,Haskell,70.3,2011
116,Hays,64.3,2011
117,Hemphill,105.3,2011
118,Henderson,74.9,2011
119,Hidalgo,100.9,2011
120,Hill,78.4,2011
121,Hockley,74.9,2011
122,Hood,75.5,2011
123,Hopkins,77.9,2011
124,Houston,61.7,2011
125,Howard,73.3,2011
126,Hudspeth,89.9,2011
127,Hunt,70.0,2011
128,Hutchinson,80.3,2011
129,Irion,70.9,2011
130,Jack,83.3,2011
131,Jackson,81.0,2011
132,Jasper,82.4,2011
133,Jeff Davis,87.8,2011
134,Jefferson,86.0,2011
135,Jim Hogg,102.8,2011
136,Jim Wells,84.5,2011
137,Johnson,73.3,2011
138,Jones,68.4,2011
139,Karnes,83.3,2011
140,Kaufman,73.3,2011
141,Kendall,65.2,2011
142,Kenedy,51.9,2011
143,Kent,46.7,2011
144,Kerr,72.6,2011
145,Kimble,67.8,2011
146,King,139.5,2011
147,Kinney,87.3,2011
148,Kleberg,74.2,2011
149,Knox,84.3,2011
150,Lamar,75.2,2011
151,Lamb,92.1,2011
152,Lampasas,68.3,2011
153,La Salle,105.8,2011
154,Lavaca,77.7,2011
155,Lee,74.6,2011
156,Leon,80.9,2011
157,Liberty,68.3,2011
158,Limestone,91.1,2011
159,Lipscomb,78.3,2011
160,Live Oak,76.9,2011
161,Llano,71.3,2011
162,Loving,,2011
163,Lubbock,68.4,2011
164,Lynn,82.6,2011
165,Mcculloch,91.0,2011
166,Mclennan,77.2,2011
167,Mcmullen,97.3,2011
168,Madison,72.4,2011
169,Marion,60.4,2011
170,Martin,86.2,2011
171,Mason,78.5,2011
172,Matagorda,84.8,2011
173,Maverick,97.6,2011
174,Medina,69.9,2011
175,Menard,52.1,2011
176,Midland,87.5,2011
177,Milam,81.5,2011
178,Mills,63.4,2011
179,Mitchell,96.3,2011
180,Montague,72.0,2011
181,Montgomery,75.2,2011
182,Moore,98.9,2011
183,Morris,79.8,2011
184,Motley,55.6,2011
185,Nacogdoches,63.8,2011
186,Navarro,81.7,2011
187,Newton,68.9,2011
188,Nolan,77.0,2011
189,Nueces,83.9,2011
190,Ochiltree,99.3,2011
191,Oldham,52.1,2011
192,Orange,74.9,2011
193,Palo Pinto,80.2,2011
194,Panola,79.7,2011
195,Parker,66.2,2011
196,Parmer,90.0,2011
197,Pecos,96.1,2011
198,Polk,80.1,2011
199,Potter,89.4,2011
200,Presidio,77.9,2011
201,Rains,62.7,2011
202,Randall,69.1,2011
203,Reagan,86.3,2011
204,Real,79.8,2011
205,Red River,64.4,2011
206,Reeves,81.5,2011
207,Refugio,83.0,2011
208,Roberts,81.8,2011
209,Robertson,79.4,2011
210,Rockwall,67.2,2011
211,Runnels,80.8,2011
212,Rusk,76.2,2011
213,Sabine,65.5,2011
214,San Augustine,86.7,2011
215,San Jacinto,68.0,2011
216,San Patricio,78.4,2011
217,San Saba,92.1,2011
218,Schleicher,56.3,2011
219,Scurry,89.8,2011
220,Shackelford,58.4,2011
221,Shelby,71.9,2011
222,Sherman,96.4,2011
223,Smith,75.8,2011
224,Somervell,51.9,2011
225,Starr,109.0,2011
226,Stephens,69.7,2011
227,Sterling,36.6,2011
228,Stonewall,57.1,2011
229,Sutton,79.7,2011
230,Swisher,107.4,2011
231,Tarrant,81.2,2011
232,Taylor,78.7,2011
233,Terrell,121.6,2011
234,Terry,93.0,2011
235,Throckmorton,59.1,2011
236,Titus,80.0,2011
237,Tom Green,74.6,2011
238,Travis,79.3,2011
239,Trinity,68.4,2011
240,Tyler,84.8,2011
241,Upshur,70.3,2011
242,Upton,88.9,2011
243,Uvalde,87.8,2011
244,Val Verde,95.3,2011
245,Van Zandt,64.0,2011
246,Victoria,79.7,2011
247,Walker,53.7,2011
248,Waller,65.4,2011
249,Ward,83.5,2011
250,Washington,80.1,2011
251,Webb,97.9,2011
252,Wharton,82.9,2011
253,Wheeler,67.9,2011
254,Wichita,78.6,2011
255,Wilbarger,77.2,2011
256,Willacy,83.6,2011
257,Williamson,71.9,2011
258,Wilson,65.3,2011
259,Winkler,84.6,2011
260,Wise,71.5,2011
261,Wood,67.5,2011
262,Yoakum,91.9,2011
263,Young,76.9,2011
264,Zapata,105.0,2011
265,Zavala,93.1,2011
0,Texas,82.1,2012
1,Region 1,77.0,2012
2,Region 2,74.9,2012
3,Region 3,79.3,2012
4,Region 4,74.6,2012
5,Region 5,77.7,2012
6,Region 6,85.6,2012
7,Region 7,75.4,2012
8,Region 8,81.7,2012
9,Region 9,89.6,2012
10,Region 10,88.6,2012
11,Region 11,92.5,2012
12,Anderson,75.0,2012
13,Andrews,105.1,2012
14,Angelina,75.8,2012
15,Aransas,83.3,2012
16,Archer,53.5,2012
17,Armstrong,103.1,2012
18,Atascosa,79.9,2012
19,Austin,77.0,2012
20,Bailey,88.5,2012
21,Bandera,64.6,2012
22,Bastrop,72.0,2012
23,Baylor,93.2,2012
24,Bee,84.5,2012
25,Bell,100.2,2012
26,Bexar,82.7,2012
27,Blanco,64.9,2012
28,Borden,95.7,2012
29,Bosque,70.2,2012
30,Bowie,74.5,2012
31,Brazoria,81.0,2012
32,Brazos,56.0,2012
33,Brewster,75.8,2012
34,Briscoe,104.8,2012
35,Brooks,110.3,2012
36,Brown,65.2,2012
37,Burleson,75.0,2012
38,Burnet,69.6,2012
39,Caldwell,69.4,2012
40,Calhoun,72.7,2012
41,Callahan,65.4,2012
42,Cameron,89.8,2012
43,Camp,91.0,2012
44,Carson,66.0,2012
45,Cass,68.6,2012
46,Castro,98.8,2012
47,Chambers,74.1,2012
48,Cherokee,83.5,2012
49,Childress,76.1,2012
50,Clay,59.0,2012
51,Cochran,86.4,2012
52,Coke,72.8,2012
53,Coleman,75.7,2012
54,Collin,66.1,2012
55,Collingsworth,82.0,2012
56,Colorado,76.1,2012
57,Comal,74.4,2012
58,Comanche,74.5,2012
59,Concho,63.8,2012
60,Cooke,89.0,2012
61,Coryell,56.1,2012
62,Cottle,51.7,2012
63,Crane,97.8,2012
64,Crockett,92.6,2012
65,Crosby,79.7,2012
66,Culberson,76.7,2012
67,Dallam,108.8,2012
68,Dallas,91.2,2012
69,Dawson,94.2,2012
70,Deaf Smith,96.4,2012
71,Delta,71.5,2012
72,Denton,65.1,2012
73,Dewitt,87.1,2012
74,Dickens,81.9,2012
75,Dimmit,109.2,2012
76,Donley,69.9,2012
77,Duval,99.1,2012
78,Eastland,55.1,2012
79,Ector,100.1,2012
80,Edwards,83.9,2012
81,Ellis,64.8,2012
82,El Paso,89.0,2012
83,Erath,60.6,2012
84,Falls,60.1,2012
85,Fannin,63.5,2012
86,Fayette,62.4,2012
87,Fisher,56.8,2012
88,Floyd,83.8,2012
89,Foard,88.8,2012
90,Fort Bend,72.6,2012
91,Franklin,61.7,2012
92,Freestone,82.1,2012
93,Frio,107.7,2012
94,Gaines,97.9,2012
95,Galveston,79.0,2012
96,Garza,57.7,2012
97,Gillespie,74.8,2012
98,Glasscock,56.3,2012
99,Goliad,66.1,2012
100,Gonzales,84.8,2012
101,Gray,93.0,2012
102,Grayson,73.2,2012
103,Gregg,81.3,2012
104,Grimes,73.8,2012
105,Guadalupe,68.6,2012
106,Hale,80.6,2012
107,Hall,60.3,2012
108,Hamilton,77.0,2012
109,Hansford,74.2,2012
110,Hardeman,66.9,2012
111,Hardin,69.7,2012
112,Harris,90.5,2012
113,Harrison,66.1,2012
114,Hartley,77.0,2012
115,Haskell,55.0,2012
116,Hays,63.4,2012
117,Hemphill,103.1,2012
118,Henderson,71.8,2012
119,Hidalgo,98.3,2012
120,Hill,72.7,2012
121,Hockley,85.5,2012
122,Hood,78.5,2012
123,Hopkins,74.4,2012
124,Houston,76.0,2012
125,Howard,84.0,2012
126,Hudspeth,69.8,2012
127,Hunt,69.0,2012
128,Hutchinson,79.4,2012
129,Irion,61.4,2012
130,Jack,68.8,2012
131,Jackson,89.2,2012
132,Jasper,82.2,2012
133,Jeff Davis,36.8,2012
134,Jefferson,85.3,2012
135,Jim Hogg,103.0,2012
136,Jim Wells,87.8,2012
137,Johnson,71.6,2012
138,Jones,74.6,2012
139,Karnes,90.3,2012
140,Kaufman,75.1,2012
141,Kendall,64.5,2012
142,Kenedy,72.3,2012
143,Kent,86.2,2012
144,Kerr,74.1,2012
145,Kimble,71.0,2012
146,King,87.0,2012
147,Kinney,81.6,2012
148,Kleberg,79.8,2012
149,Knox,73.3,2012
150,Lamar,74.9,2012
151,Lamb,76.3,2012
152,Lampasas,69.4,2012
153,La Salle,115.6,2012
154,Lavaca,87.0,2012
155,Lee,83.2,2012
156,Leon,97.5,2012
157,Liberty,71.1,2012
158,Limestone,93.3,2012
159,Lipscomb,63.8,2012
160,Live Oak,83.5,2012
161,Llano,78.5,2012
162,Loving,,2012
163,Lubbock,68.4,2012
164,Lynn,83.2,2012
165,Mcculloch,88.3,2012
166,Mclennan,74.4,2012
167,Mcmullen,111.1,2012
168,Madison,80.0,2012
169,Marion,76.5,2012
170,Martin,94.0,2012
171,Mason,80.3,2012
172,Matagorda,80.1,2012
173,Maverick,100.5,2012
174,Medina,68.1,2012
175,Menard,76.7,2012
176,Midland,91.8,2012
177,Milam,80.8,2012
178,Mills,62.2,2012
179,Mitchell,93.9,2012
180,Montague,77.1,2012
181,Montgomery,73.7,2012
182,Moore,97.6,2012
183,Morris,72.8,2012
184,Motley,80.5,2012
185,Nacogdoches,61.8,2012
186,Navarro,85.0,2012
187,Newton,59.8,2012
188,Nolan,78.2,2012
189,Nueces,79.3,2012
190,Ochiltree,89.0,2012
191,Oldham,45.7,2012
192,Orange,82.2,2012
193,Palo Pinto,84.2,2012
194,Panola,65.0,2012
195,Parker,67.7,2012
196,Parmer,78.1,2012
197,Pecos,85.2,2012
198,Polk,80.4,2012
199,Potter,92.1,2012
200,Presidio,78.0,2012
201,Rains,69.1,2012
202,Randall,66.2,2012
203,Reagan,83.2,2012
204,Real,71.6,2012
205,Red River,67.2,2012
206,Reeves,83.5,2012
207,Refugio,78.2,2012
208,Roberts,47.9,2012
209,Robertson,70.5,2012
210,Rockwall,64.0,2012
211,Runnels,60.3,2012
212,Rusk,78.5,2012
213,Sabine,58.3,2012
214,San Augustine,87.8,2012
215,San Jacinto,66.5,2012
216,San Patricio,83.1,2012
217,San Saba,92.0,2012
218,Schleicher,65.0,2012
219,Scurry,98.5,2012
220,Shackelford,81.2,2012
221,Shelby,80.1,2012
222,Sherman,69.3,2012
223,Smith,75.3,2012
224,Somervell,66.0,2012
225,Starr,105.3,2012
226,Stephens,70.1,2012
227,Sterling,67.7,2012
228,Stonewall,58.0,2012
229,Sutton,80.3,2012
230,Swisher,81.1,2012
231,Tarrant,79.5,2012
232,Taylor,79.3,2012
233,Terrell,177.3,2012
234,Terry,100.5,2012
235,Throckmorton,70.8,2012
236,Titus,79.7,2012
237,Tom Green,73.4,2012
238,Travis,77.8,2012
239,Trinity,55.1,2012
240,Tyler,90.7,2012
241,Upshur,67.6,2012
242,Upton,87.7,2012
243,Uvalde,80.7,2012
244,Val Verde,94.7,2012
245,Van Zandt,69.9,2012
246,Victoria,82.8,2012
247,Walker,53.4,2012
248,Waller,68.4,2012
249,Ward,90.7,2012
250,Washington,74.3,2012
251,Webb,96.2,2012
252,Wharton,80.8,2012
253,Wheeler,76.1,2012
254,Wichita,76.0,2012
255,Wilbarger,75.1,2012
256,Willacy,88.3,2012
257,Williamson,72.2,2012
258,Wilson,66.6,2012
259,Winkler,106.6,2012
260,Wise,75.6,2012
261,Wood,69.7,2012
262,Yoakum,87.7,2012
263,Young,82.6,2012
264,Zapata,104.0,2012
265,Zavala,103.6,2012
0,Texas,81.1,2013
1,Region 1,77.3,2013
2,Region 2,74.4,2013
3,Region 3,78.2,2013
4,Region 4,78.4,2013
5,Region 5,80.1,2013
6,Region 6,84.0,2013
7,Region 7,72.9,2013
8,Region 8,82.0,2013
9,Region 9,92.2,2013
10,Region 10,85.9,2013
11,Region 11,91.7,2013
12,Anderson,77.8,2013
13,Andrews,107.4,2013
14,Angelina,78.1,2013
15,Aransas,87.4,2013
16,Archer,49.4,2013
17,Armstrong,93.4,2013
18,Atascosa,78.9,2013
19,Austin,73.5,2013
20,Bailey,87.2,2013
21,Bandera,64.0,2013
22,Bastrop,77.5,2013
23,Baylor,58.1,2013
24,Bee,93.4,2013
25,Bell,98.9,2013
26,Bexar,82.9,2013
27,Blanco,50.3,2013
28,Borden,107.5,2013
29,Bosque,80.2,2013
30,Bowie,76.6,2013
31,Brazoria,81.1,2013
32,Brazos,54.3,2013
33,Brewster,88.6,2013
34,Briscoe,54.5,2013
35,Brooks,126.0,2013
36,Brown,66.4,2013
37,Burleson,70.0,2013
38,Burnet,74.2,2013
39,Caldwell,69.9,2013
40,Calhoun,83.0,2013
41,Callahan,56.7,2013
42,Cameron,88.9,2013
43,Camp,102.5,2013
44,Carson,52.0,2013
45,Cass,77.7,2013
46,Castro,82.9,2013
47,Chambers,70.5,2013
48,Cherokee,89.8,2013
49,Childress,76.4,2013
50,Clay,62.7,2013
51,Cochran,73.7,2013
52,Coke,75.3,2013
53,Coleman,65.9,2013
54,Collin,66.7,2013
55,Collingsworth,89.6,2013
56,Colorado,77.8,2013
57,Comal,78.3,2013
58,Comanche,75.1,2013
59,Concho,64.7,2013
60,Cooke,85.9,2013
61,Coryell,64.0,2013
62,Cottle,70.4,2013
63,Crane,94.9,2013
64,Crockett,83.2,2013
65,Crosby,66.9,2013
66,Culberson,84.5,2013
67,Dallam,108.2,2013
68,Dallas,86.9,2013
69,Dawson,92.6,2013
70,Deaf Smith,93.9,2013
71,Delta,72.5,2013
72,Denton,66.4,2013
73,Dewitt,89.3,2013
74,Dickens,95.4,2013
75,Dimmit,102.9,2013
76,Donley,57.0,2013
77,Duval,90.2,2013
78,Eastland,69.3,2013
79,Ector,101.6,2013
80,Edwards,84.6,2013
81,Ellis,72.5,2013
82,El Paso,85.9,2013
83,Erath,58.8,2013
84,Falls,66.4,2013
85,Fannin,67.6,2013
86,Fayette,74.4,2013
87,Fisher,54.5,2013
88,Floyd,78.3,2013
89,Foard,53.9,2013
90,Fort Bend,72.2,2013
91,Franklin,76.6,2013
92,Freestone,77.3,2013
93,Frio,109.5,2013
94,Gaines,109.3,2013
95,Galveston,78.9,2013
96,Garza,74.8,2013
97,Gillespie,76.2,2013
98,Glasscock,61.3,2013
99,Goliad,57.4,2013
100,Gonzales,85.3,2013
101,Gray,92.9,2013
102,Grayson,74.7,2013
103,Gregg,83.7,2013
104,Grimes,84.7,2013
105,Guadalupe,65.7,2013
106,Hale,81.3,2013
107,Hall,62.4,2013
108,Hamilton,75.3,2013
109,Hansford,81.8,2013
110,Hardeman,72.4,2013
111,Hardin,73.5,2013
112,Harris,88.2,2013
113,Harrison,76.5,2013
114,Hartley,82.6,2013
115,Haskell,60.8,2013
116,Hays,61.8,2013
117,Hemphill,96.4,2013
118,Henderson,72.2,2013
119,Hidalgo,95.1,2013
120,Hill,70.9,2013
121,Hockley,71.8,2013
122,Hood,82.8,2013
123,Hopkins,71.9,2013
124,Houston,86.4,2013
125,Howard,81.7,2013
126,Hudspeth,76.0,2013
127,Hunt,70.4,2013
128,Hutchinson,82.4,2013
129,Irion,79.7,2013
130,Jack,74.2,2013
131,Jackson,82.9,2013
132,Jasper,85.8,2013
133,Jeff Davis,36.2,2013
134,Jefferson,85.8,2013
135,Jim Hogg,111.8,2013
136,Jim Wells,94.9,2013
137,Johnson,74.7,2013
138,Jones,74.1,2013
139,Karnes,95.6,2013
140,Kaufman,76.8,2013
141,Kendall,57.6,2013
142,Kenedy,117.6,2013
143,Kent,112.1,2013
144,Kerr,74.1,2013
145,Kimble,65.1,2013
146,King,,2013
147,Kinney,71.1,2013
148,Kleberg,81.6,2013
149,Knox,78.5,2013
150,Lamar,76.9,2013
151,Lamb,84.6,2013
152,Lampasas,79.7,2013
153,La Salle,102.6,2013
154,Lavaca,74.1,2013
155,Lee,71.0,2013
156,Leon,83.9,2013
157,Liberty,72.5,2013
158,Limestone,83.9,2013
159,Lipscomb,87.5,2013
160,Live Oak,78.0,2013
161,Llano,79.6,2013
162,Loving,,2013
163,Lubbock,68.9,2013
164,Lynn,84.6,2013
165,Mcculloch,74.7,2013
166,Mclennan,75.3,2013
167,Mcmullen,96.2,2013
168,Madison,78.0,2013
169,Marion,76.9,2013
170,Martin,102.8,2013
171,Mason,70.9,2013
172,Matagorda,88.8,2013
173,Maverick,100.9,2013
174,Medina,72.7,2013
175,Menard,89.9,2013
176,Midland,95.1,2013
177,Milam,81.6,2013
178,Mills,70.5,2013
179,Mitchell,84.6,2013
180,Montague,73.0,2013
181,Montgomery,73.4,2013
182,Moore,106.1,2013
183,Morris,73.7,2013
184,Motley,60.0,2013
185,Nacogdoches,64.5,2013
186,Navarro,83.1,2013
187,Newton,66.4,2013
188,Nolan,92.5,2013
189,Nueces,80.1,2013
190,Ochiltree,91.9,2013
191,Oldham,78.3,2013
192,Orange,86.0,2013
193,Palo Pinto,85.0,2013
194,Panola,76.6,2013
195,Parker,63.3,2013
196,Parmer,86.2,2013
197,Pecos,99.9,2013
198,Polk,84.5,2013
199,Potter,89.0,2013
200,Presidio,93.1,2013
201,Rains,59.5,2013
202,Randall,67.6,2013
203,Reagan,129.6,2013
204,Real,79.6,2013
205,Red River,85.6,2013
206,Reeves,99.8,2013
207,Refugio,72.8,2013
208,Roberts,63.3,2013
209,Robertson,75.6,2013
210,Rockwall,65.5,2013
211,Runnels,63.4,2013
212,Rusk,74.9,2013
213,Sabine,68.5,2013
214,San Augustine,78.8,2013
215,San Jacinto,66.8,2013
216,San Patricio,87.0,2013
217,San Saba,75.2,2013
218,Schleicher,64.1,2013
219,Scurry,89.4,2013
220,Shackelford,66.7,2013
221,Shelby,88.0,2013
222,Sherman,85.9,2013
223,Smith,79.9,2013
224,Somervell,64.0,2013
225,Starr,107.9,2013
226,Stephens,82.2,2013
227,Sterling,100.5,2013
228,Stonewall,85.4,2013
229,Sutton,87.5,2013
230,Swisher,95.4,2013
231,Tarrant,79.4,2013
232,Taylor,76.6,2013
233,Terrell,68.7,2013
234,Terry,103.1,2013
235,Throckmorton,83.7,2013
236,Titus,81.0,2013
237,Tom Green,73.7,2013
238,Travis,72.4,2013
239,Trinity,63.3,2013
240,Tyler,84.0,2013
241,Upshur,76.1,2013
242,Upton,101.8,2013
243,Uvalde,92.4,2013
244,Val Verde,99.7,2013
245,Van Zandt,72.4,2013
246,Victoria,85.5,2013
247,Walker,58.4,2013
248,Waller,68.1,2013
249,Ward,98.2,2013
250,Washington,75.1,2013
251,Webb,97.4,2013
252,Wharton,81.2,2013
253,Wheeler,76.3,2013
254,Wichita,76.3,2013
255,Wilbarger,77.7,2013
256,Willacy,86.4,2013
257,Williamson,68.1,2013
258,Wilson,68.7,2013
259,Winkler,98.6,2013
260,Wise,76.4,2013
261,Wood,72.2,2013
262,Yoakum,122.0,2013
263,Young,75.9,2013
264,Zapata,99.9,2013
265,Zavala,98.4,2013
0,Texas,80.4,2014
1,Region 1,75.3,2014
2,Region 2,75.5,2014
3,Region 3,77.0,2014
4,Region 4,77.6,2014
5,Region 5,77.8,2014
6,Region 6,84.1,2014
7,Region 7,73.8,2014
8,Region 8,82.1,2014
9,Region 9,92.9,2014
10,Region 10,82.0,2014
11,Region 11,89.2,2014
12,Anderson,77.4,2014
13,Andrews,105.8,2014
14,Angelina,72.8,2014
15,Aransas,82.3,2014
16,Archer,56.7,2014
17,Armstrong,45.6,2014
18,Atascosa,83.8,2014
19,Austin,75.3,2014
20,Bailey,86.6,2014
21,Bandera,60.2,2014
22,Bastrop,79.3,2014
23,Baylor,80.0,2014
24,Bee,89.6,2014
25,Bell,95.4,2014
26,Bexar,82.9,2014
27,Blanco,70.2,2014
28,Borden,63.2,2014
29,Bosque,68.3,2014
30,Bowie,78.1,2014
31,Brazoria,80.3,2014
32,Brazos,56.4,2014
33,Brewster,72.0,2014
34,Briscoe,51.9,2014
35,Brooks,105.4,2014
36,Brown,65.1,2014
37,Burleson,79.6,2014
38,Burnet,68.7,2014
39,Caldwell,72.8,2014
40,Calhoun,83.2,2014
41,Callahan,66.4,2014
42,Cameron,85.4,2014
43,Camp,104.5,2014
44,Carson,67.1,2014
45,Cass,75.4,2014
46,Castro,84.1,2014
47,Chambers,72.1,2014
48,Cherokee,84.5,2014
49,Childress,84.7,2014
50,Clay,48.1,2014
51,Cochran,84.5,2014
52,Coke,66.8,2014
53,Coleman,66.7,2014
54,Collin,64.8,2014
55,Collingsworth,65.3,2014
56,Colorado,87.5,2014
57,Comal,76.3,2014
58,Comanche,68.0,2014
59,Concho,72.9,2014
60,Cooke,89.9,2014
61,Coryell,64.0,2014
62,Cottle,95.5,2014
63,Crane,83.9,2014
64,Crockett,100.6,2014
65,Crosby,82.4,2014
66,Culberson,65.5,2014
67,Dallam,96.9,2014
68,Dallas,86.3,2014
69,Dawson,83.2,2014
70,Deaf Smith,86.8,2014
71,Delta,86.5,2014
72,Denton,65.3,2014
73,Dewitt,94.6,2014
74,Dickens,57.7,2014
75,Dimmit,98.5,2014
76,Donley,46.1,2014
77,Duval,104.5,2014
78,Eastland,72.7,2014
79,Ector,104.0,2014
80,Edwards,108.6,2014
81,Ellis,72.2,2014
82,El Paso,82.0,2014
83,Erath,63.4,2014
84,Falls,69.8,2014
85,Fannin,66.7,2014
86,Fayette,71.3,2014
87,Fisher,86.1,2014
88,Floyd,64.9,2014
89,Foard,36.8,2014
90,Fort Bend,73.5,2014
91,Franklin,56.4,2014
92,Freestone,70.8,2014
93,Frio,106.6,2014
94,Gaines,108.3,2014
95,Galveston,78.8,2014
96,Garza,78.6,2014
97,Gillespie,72.5,2014
98,Glasscock,77.6,2014
99,Goliad,68.2,2014
100,Gonzales,94.9,2014
101,Gray,91.0,2014
102,Grayson,74.7,2014
103,Gregg,85.6,2014
104,Grimes,86.4,2014
105,Guadalupe,65.0,2014
106,Hale,72.8,2014
107,Hall,67.6,2014
108,Hamilton,71.9,2014
109,Hansford,89.4,2014
110,Hardeman,91.3,2014
111,Hardin,69.9,2014
112,Harris,88.0,2014
113,Harrison,74.0,2014
114,Hartley,71.5,2014
115,Haskell,64.0,2014
116,Hays,64.0,2014
117,Hemphill,93.0,2014
118,Henderson,71.5,2014
119,Hidalgo,91.4,2014
120,Hill,74.9,2014
121,Hockley,71.7,2014
122,Hood,78.0,2014
123,Hopkins,75.0,2014
124,Houston,66.4,2014
125,Howard,92.1,2014
126,Hudspeth,67.3,2014
127,Hunt,69.9,2014
128,Hutchinson,81.9,2014
129,Irion,56.6,2014
130,Jack,75.4,2014
131,Jackson,87.4,2014
132,Jasper,74.5,2014
133,Jeff Davis,62.3,2014
134,Jefferson,85.5,2014
135,Jim Hogg,107.0,2014
136,Jim Wells,101.8,2014
137,Johnson,71.7,2014
138,Jones,76.4,2014
139,Karnes,99.3,2014
140,Kaufman,73.6,2014
141,Kendall,63.4,2014
142,Kenedy,70.4,2014
143,Kent,106.8,2014
144,Kerr,77.7,2014
145,Kimble,71.0,2014
146,King,19.6,2014
147,Kinney,55.4,2014
148,Kleberg,75.1,2014
149,Knox,116.9,2014
150,Lamar,85.4,2014
151,Lamb,88.3,2014
152,Lampasas,75.7,2014
153,La Salle,95.3,2014
154,Lavaca,86.2,2014
155,Lee,86.6,2014
156,Leon,86.3,2014
157,Liberty,72.8,2014
158,Limestone,96.6,2014
159,Lipscomb,69.1,2014
160,Live Oak,83.9,2014
161,Llano,77.2,2014
162,Loving,,2014
163,Lubbock,68.3,2014
164,Lynn,65.5,2014
165,Mcculloch,68.2,2014
166,Mclennan,75.0,2014
167,Mcmullen,112.1,2014
168,Madison,81.1,2014
169,Marion,71.0,2014
170,Martin,118.5,2014
171,Mason,50.6,2014
172,Matagorda,96.4,2014
173,Maverick,105.9,2014
174,Medina,77.8,2014
175,Menard,85.1,2014
176,Midland,94.4,2014
177,Milam,88.6,2014
178,Mills,83.0,2014
179,Mitchell,83.0,2014
180,Montague,75.9,2014
181,Montgomery,74.0,2014
182,Moore,97.9,2014
183,Morris,67.4,2014
184,Motley,27.6,2014
185,Nacogdoches,65.9,2014
186,Navarro,93.0,2014
187,Newton,66.8,2014
188,Nolan,94.8,2014
189,Nueces,80.4,2014
190,Ochiltree,100.4,2014
191,Oldham,58.4,2014
192,Orange,87.0,2014
193,Palo Pinto,80.9,2014
194,Panola,73.2,2014
195,Parker,67.1,2014
196,Parmer,78.1,2014
197,Pecos,92.8,2014
198,Polk,78.3,2014
199,Potter,86.5,2014
200,Presidio,101.8,2014
201,Rains,58.3,2014
202,Randall,66.9,2014
203,Reagan,72.5,2014
204,Real,76.6,2014
205,Red River,68.1,2014
206,Reeves,99.5,2014
207,Refugio,82.9,2014
208,Roberts,64.5,2014
209,Robertson,85.8,2014
210,Rockwall,64.5,2014
211,Runnels,61.2,2014
212,Rusk,67.3,2014
213,Sabine,58.5,2014
214,San Augustine,73.4,2014
215,San Jacinto,67.7,2014
216,San Patricio,91.2,2014
217,San Saba,92.0,2014
218,Schleicher,62.0,2014
219,Scurry,93.0,2014
220,Shackelford,48.1,2014
221,Shelby,79.6,2014
222,Sherman,74.4,2014
223,Smith,78.5,2014
224,Somervell,59.2,2014
225,Starr,105.6,2014
226,Stephens,70.0,2014
227,Sterling,111.7,2014
228,Stonewall,78.0,2014
229,Sutton,75.2,2014
230,Swisher,81.5,2014
231,Tarrant,77.3,2014
232,Taylor,78.0,2014
233,Terrell,173.2,2014
234,Terry,104.8,2014
235,Throckmorton,64.9,2014
236,Titus,86.0,2014
237,Tom Green,77.0,2014
238,Travis,73.6,2014
239,Trinity,78.8,2014
240,Tyler,77.9,2014
241,Upshur,75.4,2014
242,Upton,79.7,2014
243,Uvalde,84.0,2014
244,Val Verde,97.3,2014
245,Van Zandt,70.2,2014
246,Victoria,80.9,2014
247,Walker,59.3,2014
248,Waller,73.8,2014
249,Ward,90.1,2014
250,Washington,77.2,2014
251,Webb,93.7,2014
252,Wharton,85.0,2014
253,Wheeler,100.1,2014
254,Wichita,76.5,2014
255,Wilbarger,76.8,2014
256,Willacy,79.4,2014
257,Williamson,69.8,2014
258,Wilson,67.1,2014
259,Winkler,99.2,2014
260,Wise,73.1,2014
261,Wood,71.1,2014
262,Yoakum,94.1,2014
263,Young,78.9,2014
264,Zapata,107.6,2014
265,Zavala,93.7,2014
0,Texas,79.9,2015
1,Region 1,75.4,2015
2,Region 2,74.3,2015
3,Region 3,75.8,2015
4,Region 4,75.9,2015
5,Region 5,80.8,2015
6,Region 6,84.4,2015
7,Region 7,71.9,2015
8,Region 8,82.5,2015
9,Region 9,92.8,2015
10,Region 10,82.5,2015
11,Region 11,88.9,2015
12,Anderson,82.3,2015
13,Andrews,97.7,2015
14,Angelina,75.5,2015
15,Aransas,87.8,2015
16,Archer,51.7,2015
17,Armstrong,71.9,2015
18,Atascosa,82.1,2015
19,Austin,70.6,2015
20,Bailey,110.5,2015
21,Bandera,63.0,2015
22,Bastrop,77.7,2015
23,Baylor,79.1,2015
24,Bee,94.3,2015
25,Bell,97.5,2015
26,Bexar,82.6,2015
27,Blanco,64.8,2015
28,Borden,103.4,2015
29,Bosque,72.2,2015
30,Bowie,75.5,2015
31,Brazoria,81.7,2015
32,Brazos,57.0,2015
33,Brewster,68.9,2015
34,Briscoe,59.6,2015
35,Brooks,106.6,2015
36,Brown,64.4,2015
37,Burleson,78.2,2015
38,Burnet,78.0,2015
39,Caldwell,74.4,2015
40,Calhoun,88.3,2015
41,Callahan,59.4,2015
42,Cameron,86.9,2015
43,Camp,83.4,2015
44,Carson,54.2,2015
45,Cass,78.6,2015
46,Castro,94.4,2015
47,Chambers,76.3,2015
48,Cherokee,96.5,2015
49,Childress,68.2,2015
50,Clay,49.7,2015
51,Cochran,72.7,2015
52,Coke,90.1,2015
53,Coleman,58.1,2015
54,Collin,62.4,2015
55,Collingsworth,54.4,2015
56,Colorado,91.1,2015
57,Comal,84.7,2015
58,Comanche,88.6,2015
59,Concho,87.9,2015
60,Cooke,89.0,2015
61,Coryell,62.3,2015
62,Cottle,48.3,2015
63,Crane,88.6,2015
64,Crockett,94.9,2015
65,Crosby,81.2,2015
66,Culberson,94.8,2015
67,Dallam,118.7,2015
68,Dallas,85.5,2015
69,Dawson,101.5,2015
70,Deaf Smith,94.8,2015
71,Delta,75.3,2015
72,Denton,63.3,2015
73,Dewitt,93.2,2015
74,Dickens,98.5,2015
75,Dimmit,102.6,2015
76,Donley,52.3,2015
77,Duval,105.3,2015
78,Eastland,68.0,2015
79,Ector,97.2,2015
80,Edwards,83.3,2015
81,Ellis,70.3,2015
82,El Paso,82.7,2015
83,Erath,54.4,2015
84,Falls,66.3,2015
85,Fannin,73.5,2015
86,Fayette,78.9,2015
87,Fisher,84.0,2015
88,Floyd,74.4,2015
89,Foard,61.5,2015
90,Fort Bend,74.5,2015
91,Franklin,73.9,2015
92,Freestone,73.0,2015
93,Frio,98.5,2015
94,Gaines,119.8,2015
95,Galveston,78.4,2015
96,Garza,82.0,2015
97,Gillespie,77.7,2015
98,Glasscock,80.4,2015
99,Goliad,69.6,2015
100,Gonzales,106.5,2015
101,Gray,92.0,2015
102,Grayson,77.0,2015
103,Gregg,78.2,2015
104,Grimes,87.1,2015
105,Guadalupe,65.0,2015
106,Hale,76.2,2015
107,Hall,42.6,2015
108,Hamilton,79.0,2015
109,Hansford,76.4,2015
110,Hardeman,93.8,2015
111,Hardin,69.1,2015
112,Harris,88.0,2015
113,Harrison,70.1,2015
114,Hartley,63.8,2015
115,Haskell,74.2,2015
116,Hays,63.6,2015
117,Hemphill,105.3,2015
118,Henderson,70.8,2015
119,Hidalgo,91.9,2015
120,Hill,68.7,2015
121,Hockley,76.7,2015
122,Hood,87.3,2015
123,Hopkins,73.0,2015
124,Houston,78.3,2015
125,Howard,85.5,2015
126,Hudspeth,76.7,2015
127,Hunt,68.5,2015
128,Hutchinson,78.7,2015
129,Irion,52.4,2015
130,Jack,79.1,2015
131,Jackson,91.5,2015
132,Jasper,87.8,2015
133,Jeff Davis,52.2,2015
134,Jefferson,88.6,2015
135,Jim Hogg,106.9,2015
136,Jim Wells,94.3,2015
137,Johnson,73.8,2015
138,Jones,63.8,2015
139,Karnes,97.3,2015
140,Kaufman,71.8,2015
141,Kendall,63.2,2015
142,Kenedy,41.1,2015
143,Kent,74.1,2015
144,Kerr,79.0,2015
145,Kimble,67.4,2015
146,King,23.3,2015
147,Kinney,102.7,2015
148,Kleberg,75.2,2015
149,Knox,76.2,2015
150,Lamar,78.0,2015
151,Lamb,84.7,2015
152,Lampasas,68.8,2015
153,La Salle,106.3,2015
154,Lavaca,81.5,2015
155,Lee,81.5,2015
156,Leon,87.1,2015
157,Liberty,77.0,2015
158,Limestone,86.0,2015
159,Lipscomb,76.6,2015
160,Live Oak,81.0,2015
161,Llano,86.3,2015
162,Loving,,2015
163,Lubbock,67.3,2015
164,Lynn,73.4,2015
165,Mcculloch,70.9,2015
166,Mclennan,71.4,2015
167,Mcmullen,96.5,2015
168,Madison,74.3,2015
169,Marion,81.1,2015
170,Martin,94.9,2015
171,Mason,101.1,2015
172,Matagorda,91.1,2015
173,Maverick,106.4,2015
174,Medina,76.2,2015
175,Menard,57.6,2015
176,Midland,98.1,2015
177,Milam,87.2,2015
178,Mills,45.1,2015
179,Mitchell,80.2,2015
180,Montague,79.3,2015
181,Montgomery,75.3,2015
182,Moore,104.6,2015
183,Morris,73.6,2015
184,Motley,42.6,2015
185,Nacogdoches,62.4,2015
186,Navarro,81.3,2015
187,Newton,63.6,2015
188,Nolan,86.4,2015
189,Nueces,78.3,2015
190,Ochiltree,89.8,2015
191,Oldham,62.0,2015
192,Orange,88.1,2015
193,Palo Pinto,77.4,2015
194,Panola,70.1,2015
195,Parker,67.4,2015
196,Parmer,89.3,2015
197,Pecos,85.4,2015
198,Polk,88.7,2015
199,Potter,85.4,2015
200,Presidio,82.3,2015
201,Rains,62.7,2015
202,Randall,66.5,2015
203,Reagan,109.4,2015
204,Real,100.0,2015
205,Red River,65.5,2015
206,Reeves,98.1,2015
207,Refugio,88.6,2015
208,Roberts,46.7,2015
209,Robertson,76.6,2015
210,Rockwall,62.9,2015
211,Runnels,69.1,2015
212,Rusk,72.9,2015
213,Sabine,81.9,2015
214,San Augustine,66.8,2015
215,San Jacinto,70.9,2015
216,San Patricio,92.1,2015
217,San Saba,102.2,2015
218,Schleicher,37.7,2015
219,Scurry,81.7,2015
220,Shackelford,84.2,2015
221,Shelby,89.6,2015
222,Sherman,71.8,2015
223,Smith,76.0,2015
224,Somervell,53.1,2015
225,Starr,100.9,2015
226,Stephens,87.2,2015
227,Sterling,82.5,2015
228,Stonewall,96.6,2015
229,Sutton,72.4,2015
230,Swisher,95.0,2015
231,Tarrant,76.6,2015
232,Taylor,77.6,2015
233,Terrell,91.7,2015
234,Terry,97.5,2015
235,Throckmorton,51.9,2015
236,Titus,79.5,2015
237,Tom Green,78.7,2015
238,Travis,70.5,2015
239,Trinity,78.5,2015
240,Tyler,76.5,2015
241,Upshur,69.0,2015
242,Upton,101.3,2015
243,Uvalde,88.2,2015
244,Val Verde,101.3,2015
245,Van Zandt,71.7,2015
246,Victoria,84.2,2015
247,Walker,62.0,2015
248,Waller,64.5,2015
249,Ward,100.5,2015
250,Washington,75.7,2015
251,Webb,91.6,2015
252,Wharton,89.6,2015
253,Wheeler,84.2,2015
254,Wichita,74.1,2015
255,Wilbarger,85.8,2015
256,Willacy,79.6,2015
257,Williamson,66.6,2015
258,Wilson,72.2,2015
259,Winkler,99.1,2015
260,Wise,76.9,2015
261,Wood,72.2,2015
262,Yoakum,99.2,2015
263,Young,73.4,2015
264,Zapata,97.8,2015
265,Zavala,91.5,2015
